,multibat_filename,source_single_bat_files
0,matching_annotaudio_Aditya_2018-08-16_21502300_100_hp.WAV,"matching_annotaudio_Aditya_2018-08-19_0120-0200_127_hp.WAV', 'matching_annotaudio_Aditya_2018-08-19_0120-0200_1_hp.WAV"
1,matching_annotaudio_Aditya_2018-08-16_21502300_12_hp.WAV,"matching_annotaudio_Aditya_2018-08-16_2324_159_hp.WAV', 'matching_annotaudio_Aditya_2018-08-17_34_169_hp.WAV"
2,matching_annotaudio_Aditya_2018-08-16_21502300_18_hp.WAV,"matching_annotaudio_Aditya_2018-08-17_56_11_hp.WAV', 'matching_annotaudio_Aditya_2018-08-17_23_155_hp.WAV"
3,matching_annotaudio_Aditya_2018-08-16_21502300_20_hp.WAV,"matching_annotaudio_Aditya_2018-08-19_0120-0200_83_hp.WAV', 'matching_annotaudio_Aditya_2018-08-17_23_193_hp.WAV"
4,matching_annotaudio_Aditya_2018-08-16_21502300_22_hp.WAV,"matching_annotaudio_Aditya_2018-08-16_2324_56_hp.WAV', 'matching_annotaudio_Aditya_2018-08-17_23_187_hp.WAV"
5,matching_annotaudio_Aditya_2018-08-16_21502300_26_hp.WAV,"matching_annotaudio_Aditya_2018-08-19_23_17_hp.WAV', 'matching_annotaudio_Aditya_2018-08-16_2324_148_hp.WAV"
6,matching_annotaudio_Aditya_2018-08-16_21502300_28_hp.WAV,"matching_annotaudio_Aditya_2018-08-17_34_56_hp.WAV', 'matching_annotaudio_Aditya_2018-08-16_2324_85_hp.WAV"
7,matching_annotaudio_Aditya_2018-08-16_21502300_36_hp.WAV,"matching_annotaudio_Aditya_2018-08-17_45_119_hp.WAV', 'matching_annotaudio_Aditya_2018-08-17_45_119_hp.WAV"
8,matching_annotaudio_Aditya_2018-08-16_21502300_39_hp.WAV,"matching_annotaudio_Aditya_2018-08-17_34_208_hp.WAV', 'matching_annotaudio_Aditya_2018-08-17_34_165_hp.WAV"
9,matching_annotaudio_Aditya_2018-08-16_21502300_40_hp.WAV,"matching_annotaudio_Aditya_2018-08-17_12_115_hp.WAV', 'matching_annotaudio_Aditya_2018-08-20_0300-0400_58_hp.WAV', 'matching_annotaudio_Aditya_2018-08-16_2324_88_hp.WAV"
10,matching_annotaudio_Aditya_2018-08-16_21502300_41_hp.WAV,"matching_annotaudio_Aditya_2018-08-16_2324_156_hp.WAV', 'matching_annotaudio_Aditya_2018-08-17_45_5_hp.WAV"
11,matching_annotaudio_Aditya_2018-08-16_21502300_43_hp.WAV,"matching_annotaudio_Aditya_2018-08-19_0120-0200_109_hp.WAV', 'matching_annotaudio_Aditya_2018-08-20_0200-0300_80_hp.WAV"
12,matching_annotaudio_Aditya_2018-08-16_21502300_45_hp.WAV,"matching_annotaudio_Aditya_2018-08-17_23_186_hp.WAV', 'matching_annotaudio_Aditya_2018-08-17_01_76_hp.WAV"
13,matching_annotaudio_Aditya_2018-08-16_21502300_48_hp.WAV,"matching_annotaudio_Aditya_2018-08-17_01_82_hp.WAV', 'matching_annotaudio_Aditya_2018-08-19_0120-0200_78_hp.WAV"
14,matching_annotaudio_Aditya_2018-08-16_21502300_49_hp.WAV,"matching_annotaudio_Aditya_2018-08-19_0120-0200_14_hp.WAV', 'matching_annotaudio_Aditya_2018-08-17_45_116_hp.WAV', 'matching_annotaudio_Aditya_2018-08-19_0120-0200_14_hp.WAV"
15,matching_annotaudio_Aditya_2018-08-16_21502300_65_hp.WAV,"matching_annotaudio_Aditya_2018-08-17_34_35_hp.WAV', 'matching_annotaudio_Aditya_2018-08-16_2324_10_hp.WAV"
16,matching_annotaudio_Aditya_2018-08-16_21502300_74_hp.WAV,"matching_annotaudio_Aditya_2018-08-19_0120-0200_19_hp.WAV', 'matching_annotaudio_Aditya_2018-08-17_45_174_hp.WAV"
17,matching_annotaudio_Aditya_2018-08-16_2324_169_hp.WAV,"matching_annotaudio_Aditya_2018-08-17_34_24_hp.WAV', 'matching_annotaudio_Aditya_2018-08-16_21502300_105_hp.WAV"
18,matching_annotaudio_Aditya_2018-08-16_2324_182_hp.WAV,"matching_annotaudio_Aditya_2018-08-16_2324_236_hp.WAV', 'matching_annotaudio_Aditya_2018-08-16_2324_70_hp.WAV"
19,matching_annotaudio_Aditya_2018-08-16_2324_18_hp.WAV,"matching_annotaudio_Aditya_2018-08-17_56_96_hp.WAV', 'matching_annotaudio_Aditya_2018-08-17_56_78_hp.WAV"
20,matching_annotaudio_Aditya_2018-08-16_2324_208_hp.WAV,"matching_annotaudio_Aditya_2018-08-16_2324_128_hp.WAV', 'matching_annotaudio_Aditya_2018-08-17_01_11_hp.WAV"
21,matching_annotaudio_Aditya_2018-08-16_2324_20_hp.WAV,"matching_annotaudio_Aditya_2018-08-20_0200-0300_72_hp.WAV', 'matching_annotaudio_Aditya_2018-08-16_21502300_25_hp.WAV"
22,matching_annotaudio_Aditya_2018-08-16_2324_216_hp.WAV,"matching_annotaudio_Aditya_2018-08-19_0120-0200_90_hp.WAV', 'matching_annotaudio_Aditya_2018-08-19_0120-0200_81_hp.WAV"
23,matching_annotaudio_Aditya_2018-08-16_2324_218_hp.WAV,"matching_annotaudio_Aditya_2018-08-17_34_4_hp.WAV', 'matching_annotaudio_Aditya_2018-08-20_0300-0400_90_hp.WAV', 'matching_annotaudio_Aditya_2018-08-17_23_111_hp.WAV"
24,matching_annotaudio_Aditya_2018-08-16_2324_219_hp.WAV,"matching_annotaudio_Aditya_2018-08-17_23_113_hp.WAV', 'matching_annotaudio_Aditya_2018-08-17_01_43_hp.WAV"
25,matching_annotaudio_Aditya_2018-08-16_2324_223_hp.WAV,"matching_annotaudio_Aditya_2018-08-17_12_100_hp.WAV', 'matching_annotaudio_Aditya_2018-08-16_21502300_104_hp.WAV"
26,matching_annotaudio_Aditya_2018-08-16_2324_228_hp.WAV,"matching_annotaudio_Aditya_2018-08-17_45_29_hp.WAV', 'matching_annotaudio_Aditya_2018-08-17_23_115_hp.WAV"
27,matching_annotaudio_Aditya_2018-08-16_2324_22_hp.WAV,"matching_annotaudio_Aditya_2018-08-16_2324_204_hp.WAV', 'matching_annotaudio_Aditya_2018-08-17_12_4_hp.WAV"
28,matching_annotaudio_Aditya_2018-08-16_2324_23_hp.WAV,"matching_annotaudio_Aditya_2018-08-16_21502300_98_hp.WAV', 'matching_annotaudio_Aditya_2018-08-16_2324_54_hp.WAV"
29,matching_annotaudio_Aditya_2018-08-16_2324_259_hp.WAV,"matching_annotaudio_Aditya_2018-08-17_01_34_hp.WAV', 'matching_annotaudio_Aditya_2018-08-17_23_68_hp.WAV"
30,matching_annotaudio_Aditya_2018-08-16_2324_26_hp.WAV,"matching_annotaudio_Aditya_2018-08-20_0200-0300_78_hp.WAV', 'matching_annotaudio_Aditya_2018-08-16_2324_90_hp.WAV"
31,matching_annotaudio_Aditya_2018-08-16_2324_28_hp.WAV,"matching_annotaudio_Aditya_2018-08-17_23_97_hp.WAV', 'matching_annotaudio_Aditya_2018-08-17_34_170_hp.WAV"
32,matching_annotaudio_Aditya_2018-08-16_2324_31_hp.WAV,"matching_annotaudio_Aditya_2018-08-17_34_156_hp.WAV', 'matching_annotaudio_Aditya_2018-08-20_0200-0300_38_hp.WAV"
33,matching_annotaudio_Aditya_2018-08-16_2324_59_hp.WAV,"matching_annotaudio_Aditya_2018-08-19_23_38_hp.WAV', 'matching_annotaudio_Aditya_2018-08-19_0120-0200_119_hp.WAV', 'matching_annotaudio_Aditya_2018-08-16_2324_80_hp.WAV"
34,matching_annotaudio_Aditya_2018-08-16_2324_7_hp.WAV,"matching_annotaudio_Aditya_2018-08-19_0120-0200_64_hp.WAV', 'matching_annotaudio_Aditya_2018-08-19_0120-0200_101_hp.WAV"
35,matching_annotaudio_Aditya_2018-08-17_01_13_hp.WAV,"matching_annotaudio_Aditya_2018-08-17_34_143_hp.WAV', 'matching_annotaudio_Aditya_2018-08-17_12_88_hp.WAV"
36,matching_annotaudio_Aditya_2018-08-17_01_21_hp.WAV,"matching_annotaudio_Aditya_2018-08-17_23_146_hp.WAV', 'matching_annotaudio_Aditya_2018-08-19_0120-0200_93_hp.WAV"
37,matching_annotaudio_Aditya_2018-08-17_01_24_hp.WAV,"matching_annotaudio_Aditya_2018-08-17_56_33_hp.WAV', 'matching_annotaudio_Aditya_2018-08-17_56_140_hp.WAV"
38,matching_annotaudio_Aditya_2018-08-17_01_29_hp.WAV,"matching_annotaudio_Aditya_2018-08-19_0120-0200_87_hp.WAV', 'matching_annotaudio_Aditya_2018-08-17_34_155_hp.WAV"
39,matching_annotaudio_Aditya_2018-08-17_01_32_hp.WAV,"matching_annotaudio_Aditya_2018-08-16_2324_254_hp.WAV', 'matching_annotaudio_Aditya_2018-08-16_2324_179_hp.WAV"
40,matching_annotaudio_Aditya_2018-08-17_01_37_hp.WAV,"matching_annotaudio_Aditya_2018-08-17_56_176_hp.WAV', 'matching_annotaudio_Aditya_2018-08-16_2324_129_hp.WAV"
41,matching_annotaudio_Aditya_2018-08-17_01_40_hp.WAV,"matching_annotaudio_Aditya_2018-08-20_0200-0300_61_hp.WAV', 'matching_annotaudio_Aditya_2018-08-20_0200-0300_88_hp.WAV"
42,matching_annotaudio_Aditya_2018-08-17_01_44_hp.WAV,"matching_annotaudio_Aditya_2018-08-16_2324_257_hp.WAV', 'matching_annotaudio_Aditya_2018-08-20_0200-0300_64_hp.WAV"
43,matching_annotaudio_Aditya_2018-08-17_01_46_hp.WAV,"matching_annotaudio_Aditya_2018-08-17_34_163_hp.WAV', 'matching_annotaudio_Aditya_2018-08-16_2324_24_hp.WAV"
44,matching_annotaudio_Aditya_2018-08-17_01_60_hp.WAV,"matching_annotaudio_Aditya_2018-08-17_34_80_hp.WAV', 'matching_annotaudio_Aditya_2018-08-17_12_101_hp.WAV', 'matching_annotaudio_Aditya_2018-08-17_23_30_hp.WAV"
45,matching_annotaudio_Aditya_2018-08-17_01_75_hp.WAV,"matching_annotaudio_Aditya_2018-08-17_56_109_hp.WAV', 'matching_annotaudio_Aditya_2018-08-16_21502300_24_hp.WAV"
46,matching_annotaudio_Aditya_2018-08-17_12_106_hp.WAV,"matching_annotaudio_Aditya_2018-08-19_23_16_hp.WAV', 'matching_annotaudio_Aditya_2018-08-20_0200-0300_11_hp.WAV"
47,matching_annotaudio_Aditya_2018-08-17_12_2_hp.WAV,"matching_annotaudio_Aditya_2018-08-17_12_80_hp.WAV', 'matching_annotaudio_Aditya_2018-08-20_0200-0300_54_hp.WAV"
48,matching_annotaudio_Aditya_2018-08-17_12_53_hp.WAV,"matching_annotaudio_Aditya_2018-08-17_01_57_hp.WAV', 'matching_annotaudio_Aditya_2018-08-17_01_78_hp.WAV"
49,matching_annotaudio_Aditya_2018-08-17_12_68_hp.WAV,"matching_annotaudio_Aditya_2018-08-19_0120-0200_110_hp.WAV', 'matching_annotaudio_Aditya_2018-08-17_23_110_hp.WAV"
50,matching_annotaudio_Aditya_2018-08-17_12_77_hp.WAV,"matching_annotaudio_Aditya_2018-08-17_45_342_hp.WAV', 'matching_annotaudio_Aditya_2018-08-16_21502300_30_hp.WAV"
51,matching_annotaudio_Aditya_2018-08-17_23_100_hp.WAV,"matching_annotaudio_Aditya_2018-08-17_45_326_hp.WAV', 'matching_annotaudio_Aditya_2018-08-16_2324_234_hp.WAV"
52,matching_annotaudio_Aditya_2018-08-17_23_133_hp.WAV,"matching_annotaudio_Aditya_2018-08-16_2324_260_hp.WAV', 'matching_annotaudio_Aditya_2018-08-17_34_27_hp.WAV"
53,matching_annotaudio_Aditya_2018-08-17_23_136_hp.WAV,"matching_annotaudio_Aditya_2018-08-17_34_3_hp.WAV', 'matching_annotaudio_Aditya_2018-08-17_34_3_hp.WAV"
54,matching_annotaudio_Aditya_2018-08-17_23_167_hp.WAV,"matching_annotaudio_Aditya_2018-08-19_0120-0200_63_hp.WAV', 'matching_annotaudio_Aditya_2018-08-17_23_170_hp.WAV"
55,matching_annotaudio_Aditya_2018-08-17_23_168_hp.WAV,"matching_annotaudio_Aditya_2018-08-16_2324_184_hp.WAV', 'matching_annotaudio_Aditya_2018-08-17_34_55_hp.WAV"
56,matching_annotaudio_Aditya_2018-08-17_23_26_hp.WAV,"matching_annotaudio_Aditya_2018-08-17_34_1_hp.WAV', 'matching_annotaudio_Aditya_2018-08-17_01_80_hp.WAV"
57,matching_annotaudio_Aditya_2018-08-17_23_28_hp.WAV,"matching_annotaudio_Aditya_2018-08-17_23_92_hp.WAV', 'matching_annotaudio_Aditya_2018-08-17_01_65_hp.WAV"
58,matching_annotaudio_Aditya_2018-08-17_23_2_hp.WAV,"matching_annotaudio_Aditya_2018-08-16_2324_171_hp.WAV', 'matching_annotaudio_Aditya_2018-08-17_01_28_hp.WAV"
59,matching_annotaudio_Aditya_2018-08-17_23_37_hp.WAV,"matching_annotaudio_Aditya_2018-08-16_2324_61_hp.WAV', 'matching_annotaudio_Aditya_2018-08-17_34_73_hp.WAV"
60,matching_annotaudio_Aditya_2018-08-17_23_40_hp.WAV,"matching_annotaudio_Aditya_2018-08-17_23_70_hp.WAV', 'matching_annotaudio_Aditya_2018-08-17_56_57_hp.WAV', 'matching_annotaudio_Aditya_2018-08-16_2324_252_hp.WAV"
61,matching_annotaudio_Aditya_2018-08-17_23_45_hp.WAV,"matching_annotaudio_Aditya_2018-08-16_21502300_73_hp.WAV', 'matching_annotaudio_Aditya_2018-08-16_21502300_73_hp.WAV"
62,matching_annotaudio_Aditya_2018-08-17_23_65_hp.WAV,"matching_annotaudio_Aditya_2018-08-16_21502300_9_hp.WAV', 'matching_annotaudio_Aditya_2018-08-16_2324_14_hp.WAV"
63,matching_annotaudio_Aditya_2018-08-17_23_66_hp.WAV,"matching_annotaudio_Aditya_2018-08-19_23_19_hp.WAV', 'matching_annotaudio_Aditya_2018-08-17_23_99_hp.WAV', 'matching_annotaudio_Aditya_2018-08-19_23_32_hp.WAV"
64,matching_annotaudio_Aditya_2018-08-17_23_67_hp.WAV,"matching_annotaudio_Aditya_2018-08-19_23_29_hp.WAV', 'matching_annotaudio_Aditya_2018-08-17_56_108_hp.WAV"
65,matching_annotaudio_Aditya_2018-08-17_23_7_hp.WAV,"matching_annotaudio_Aditya_2018-08-17_34_120_hp.WAV', 'matching_annotaudio_Aditya_2018-08-19_23_14_hp.WAV"
66,matching_annotaudio_Aditya_2018-08-17_34_12_hp.WAV,"matching_annotaudio_Aditya_2018-08-17_23_157_hp.WAV', 'matching_annotaudio_Aditya_2018-08-17_34_69_hp.WAV"
67,matching_annotaudio_Aditya_2018-08-17_34_133_hp.WAV,"matching_annotaudio_Aditya_2018-08-17_34_32_hp.WAV', 'matching_annotaudio_Aditya_2018-08-17_34_171_hp.WAV"
68,matching_annotaudio_Aditya_2018-08-17_34_151_hp.WAV,"matching_annotaudio_Aditya_2018-08-17_23_69_hp.WAV', 'matching_annotaudio_Aditya_2018-08-17_23_117_hp.WAV"
69,matching_annotaudio_Aditya_2018-08-17_34_168_hp.WAV,"matching_annotaudio_Aditya_2018-08-16_2324_15_hp.WAV', 'matching_annotaudio_Aditya_2018-08-16_21502300_106_hp.WAV"
70,matching_annotaudio_Aditya_2018-08-17_34_18_hp.WAV,"matching_annotaudio_Aditya_2018-08-19_0120-0200_73_hp.WAV', 'matching_annotaudio_Aditya_2018-08-17_23_172_hp.WAV"
71,matching_annotaudio_Aditya_2018-08-17_34_20_hp.WAV,"matching_annotaudio_Aditya_2018-08-17_01_47_hp.WAV', 'matching_annotaudio_Aditya_2018-08-17_23_98_hp.WAV"
72,matching_annotaudio_Aditya_2018-08-17_34_22_hp.WAV,"matching_annotaudio_Aditya_2018-08-19_0120-0200_95_hp.WAV', 'matching_annotaudio_Aditya_2018-08-17_23_84_hp.WAV"
73,matching_annotaudio_Aditya_2018-08-17_34_2_hp.WAV,"matching_annotaudio_Aditya_2018-08-17_01_15_hp.WAV', 'matching_annotaudio_Aditya_2018-08-16_2324_255_hp.WAV"
74,matching_annotaudio_Aditya_2018-08-17_34_31_hp.WAV,"matching_annotaudio_Aditya_2018-08-16_2324_153_hp.WAV', 'matching_annotaudio_Aditya_2018-08-16_2324_153_hp.WAV"
75,matching_annotaudio_Aditya_2018-08-17_34_34_hp.WAV,"matching_annotaudio_Aditya_2018-08-17_01_62_hp.WAV', 'matching_annotaudio_Aditya_2018-08-19_0120-0200_70_hp.WAV"
76,matching_annotaudio_Aditya_2018-08-17_34_36_hp.WAV,"matching_annotaudio_Aditya_2018-08-16_2324_202_hp.WAV', 'matching_annotaudio_Aditya_2018-08-17_12_117_hp.WAV"
77,matching_annotaudio_Aditya_2018-08-17_34_39_hp.WAV,"matching_annotaudio_Aditya_2018-08-17_45_302_hp.WAV', 'matching_annotaudio_Aditya_2018-08-17_45_302_hp.WAV"
78,matching_annotaudio_Aditya_2018-08-17_34_40_hp.WAV,"matching_annotaudio_Aditya_2018-08-16_2324_154_hp.WAV', 'matching_annotaudio_Aditya_2018-08-16_2324_180_hp.WAV', 'matching_annotaudio_Aditya_2018-08-17_34_38_hp.WAV"
79,matching_annotaudio_Aditya_2018-08-17_34_41_hp.WAV,"matching_annotaudio_Aditya_2018-08-16_2324_5_hp.WAV', 'matching_annotaudio_Aditya_2018-08-16_2324_5_hp.WAV"
80,matching_annotaudio_Aditya_2018-08-17_34_43_hp.WAV,"matching_annotaudio_Aditya_2018-08-17_01_45_hp.WAV', 'matching_annotaudio_Aditya_2018-08-16_21502300_19_hp.WAV"
81,matching_annotaudio_Aditya_2018-08-17_34_49_hp.WAV,"matching_annotaudio_Aditya_2018-08-17_56_27_hp.WAV', 'matching_annotaudio_Aditya_2018-08-17_12_75_hp.WAV', 'matching_annotaudio_Aditya_2018-08-20_0200-0300_73_hp.WAV"
82,matching_annotaudio_Aditya_2018-08-17_34_51_hp.WAV,"matching_annotaudio_Aditya_2018-08-17_23_56_hp.WAV', 'matching_annotaudio_Aditya_2018-08-17_23_82_hp.WAV"
83,matching_annotaudio_Aditya_2018-08-17_34_52_hp.WAV,"matching_annotaudio_Aditya_2018-08-17_12_110_hp.WAV', 'matching_annotaudio_Aditya_2018-08-17_12_73_hp.WAV"
84,matching_annotaudio_Aditya_2018-08-17_34_60_hp.WAV,"matching_annotaudio_Aditya_2018-08-17_34_72_hp.WAV', 'matching_annotaudio_Aditya_2018-08-17_34_44_hp.WAV"
85,matching_annotaudio_Aditya_2018-08-17_34_65_hp.WAV,"matching_annotaudio_Aditya_2018-08-16_21502300_44_hp.WAV', 'matching_annotaudio_Aditya_2018-08-17_23_139_hp.WAV"
86,matching_annotaudio_Aditya_2018-08-17_34_7_hp.WAV,"matching_annotaudio_Aditya_2018-08-17_12_33_hp.WAV', 'matching_annotaudio_Aditya_2018-08-17_23_81_hp.WAV"
87,matching_annotaudio_Aditya_2018-08-17_45_100_hp.WAV,"matching_annotaudio_Aditya_2018-08-17_01_84_hp.WAV', 'matching_annotaudio_Aditya_2018-08-17_23_14_hp.WAV"
88,matching_annotaudio_Aditya_2018-08-17_45_162_hp.WAV,"matching_annotaudio_Aditya_2018-08-19_0120-0200_24_hp.WAV', 'matching_annotaudio_Aditya_2018-08-19_0120-0200_24_hp.WAV"
89,matching_annotaudio_Aditya_2018-08-17_45_22_hp.WAV,"matching_annotaudio_Aditya_2018-08-19_0120-0200_21_hp.WAV', 'matching_annotaudio_Aditya_2018-08-17_12_8_hp.WAV"
90,matching_annotaudio_Aditya_2018-08-17_45_321_hp.WAV,"matching_annotaudio_Aditya_2018-08-17_34_111_hp.WAV', 'matching_annotaudio_Aditya_2018-08-17_34_211_hp.WAV"
91,matching_annotaudio_Aditya_2018-08-17_45_322_hp.WAV,"matching_annotaudio_Aditya_2018-08-17_23_58_hp.WAV', 'matching_annotaudio_Aditya_2018-08-17_45_93_hp.WAV', 'matching_annotaudio_Aditya_2018-08-17_23_58_hp.WAV"
92,matching_annotaudio_Aditya_2018-08-17_45_341_hp.WAV,"matching_annotaudio_Aditya_2018-08-16_2324_117_hp.WAV', 'matching_annotaudio_Aditya_2018-08-17_01_4_hp.WAV"
93,matching_annotaudio_Aditya_2018-08-17_56_12_hp.WAV,"matching_annotaudio_Aditya_2018-08-17_23_138_hp.WAV', 'matching_annotaudio_Aditya_2018-08-16_2324_215_hp.WAV"
94,matching_annotaudio_Aditya_2018-08-17_56_162_hp.WAV,"matching_annotaudio_Aditya_2018-08-17_23_174_hp.WAV', 'matching_annotaudio_Aditya_2018-08-17_23_173_hp.WAV"
95,matching_annotaudio_Aditya_2018-08-17_56_181_hp.WAV,"matching_annotaudio_Aditya_2018-08-17_01_58_hp.WAV', 'matching_annotaudio_Aditya_2018-08-16_2324_253_hp.WAV"
96,matching_annotaudio_Aditya_2018-08-17_56_23_hp.WAV,"matching_annotaudio_Aditya_2018-08-16_2324_258_hp.WAV', 'matching_annotaudio_Aditya_2018-08-17_34_54_hp.WAV"
97,matching_annotaudio_Aditya_2018-08-17_56_31_hp.WAV,"matching_annotaudio_Aditya_2018-08-19_23_5_hp.WAV', 'matching_annotaudio_Aditya_2018-08-19_23_5_hp.WAV"
98,matching_annotaudio_Aditya_2018-08-17_56_59_hp.WAV,"matching_annotaudio_Aditya_2018-08-17_12_125_hp.WAV', 'matching_annotaudio_Aditya_2018-08-17_01_36_hp.WAV', 'matching_annotaudio_Aditya_2018-08-17_01_36_hp.WAV"
99,matching_annotaudio_Aditya_2018-08-17_56_7_hp.WAV,"matching_annotaudio_Aditya_2018-08-16_2324_248_hp.WAV', 'matching_annotaudio_Aditya_2018-08-19_0120-0200_124_hp.WAV"
100,matching_annotaudio_Aditya_2018-08-19_0120-0200_18_hp.WAV,"matching_annotaudio_Aditya_2018-08-16_2324_29_hp.WAV', 'matching_annotaudio_Aditya_2018-08-16_2324_29_hp.WAV"
101,matching_annotaudio_Aditya_2018-08-19_0120-0200_20_hp.WAV,"matching_annotaudio_Aditya_2018-08-17_56_6_hp.WAV', 'matching_annotaudio_Aditya_2018-08-17_56_6_hp.WAV"
102,matching_annotaudio_Aditya_2018-08-19_0120-0200_22_hp.WAV,"matching_annotaudio_Aditya_2018-08-16_2324_62_hp.WAV', 'matching_annotaudio_Aditya_2018-08-17_12_15_hp.WAV"
103,matching_annotaudio_Aditya_2018-08-19_0120-0200_23_hp.WAV,"matching_annotaudio_Aditya_2018-08-17_23_109_hp.WAV', 'matching_annotaudio_Aditya_2018-08-17_23_156_hp.WAV"
104,matching_annotaudio_Aditya_2018-08-19_0120-0200_59_hp.WAV,"matching_annotaudio_Aditya_2018-08-16_2324_199_hp.WAV', 'matching_annotaudio_Aditya_2018-08-16_2324_199_hp.WAV', 'matching_annotaudio_Aditya_2018-08-16_2324_199_hp.WAV"
105,matching_annotaudio_Aditya_2018-08-19_0120-0200_60_hp.WAV,"matching_annotaudio_Aditya_2018-08-17_34_77_hp.WAV', 'matching_annotaudio_Aditya_2018-08-16_2324_92_hp.WAV"
106,matching_annotaudio_Aditya_2018-08-19_0120-0200_65_hp.WAV,"matching_annotaudio_Aditya_2018-08-20_0300-0400_85_hp.WAV', 'matching_annotaudio_Aditya_2018-08-19_0120-0200_107_hp.WAV"
107,matching_annotaudio_Aditya_2018-08-19_0120-0200_66_hp.WAV,"matching_annotaudio_Aditya_2018-08-17_12_44_hp.WAV', 'matching_annotaudio_Aditya_2018-08-20_0300-0400_91_hp.WAV', 'matching_annotaudio_Aditya_2018-08-17_34_81_hp.WAV"
108,matching_annotaudio_Aditya_2018-08-19_0120-0200_74_hp.WAV,"matching_annotaudio_Aditya_2018-08-20_0200-0300_76_hp.WAV', 'matching_annotaudio_Aditya_2018-08-20_0300-0400_19_hp.WAV"
109,matching_annotaudio_Aditya_2018-08-19_23_12_hp.WAV,"matching_annotaudio_Aditya_2018-08-16_2324_277_hp.WAV', 'matching_annotaudio_Aditya_2018-08-16_21502300_101_hp.WAV"
110,matching_annotaudio_Aditya_2018-08-19_23_18_hp.WAV,"matching_annotaudio_Aditya_2018-08-17_34_147_hp.WAV', 'matching_annotaudio_Aditya_2018-08-16_2324_212_hp.WAV"
111,matching_annotaudio_Aditya_2018-08-19_23_2_hp.WAV,"matching_annotaudio_Aditya_2018-08-16_2324_79_hp.WAV', 'matching_annotaudio_Aditya_2018-08-16_2324_79_hp.WAV"
112,matching_annotaudio_Aditya_2018-08-19_23_31_hp.WAV,"matching_annotaudio_Aditya_2018-08-17_23_196_hp.WAV', 'matching_annotaudio_Aditya_2018-08-16_2324_192_hp.WAV"
113,matching_annotaudio_Aditya_2018-08-19_23_34_hp.WAV,"matching_annotaudio_Aditya_2018-08-17_23_53_hp.WAV', 'matching_annotaudio_Aditya_2018-08-17_12_74_hp.WAV"
114,matching_annotaudio_Aditya_2018-08-19_23_37_hp.WAV,"matching_annotaudio_Aditya_2018-08-17_12_121_hp.WAV', 'matching_annotaudio_Aditya_2018-08-19_0120-0200_8_hp.WAV"
115,matching_annotaudio_Aditya_2018-08-19_23_39_hp.WAV,"matching_annotaudio_Aditya_2018-08-17_45_269_hp.WAV', 'matching_annotaudio_Aditya_2018-08-17_01_83_hp.WAV"
116,matching_annotaudio_Aditya_2018-08-20_0200-0300_18_hp.WAV,"matching_annotaudio_Aditya_2018-08-19_0120-0200_112_hp.WAV', 'matching_annotaudio_Aditya_2018-08-17_01_33_hp.WAV"
117,matching_annotaudio_Aditya_2018-08-20_0200-0300_23_hp.WAV,"matching_annotaudio_Aditya_2018-08-17_56_174_hp.WAV', 'matching_annotaudio_Aditya_2018-08-17_56_174_hp.WAV"
118,matching_annotaudio_Aditya_2018-08-20_0200-0300_39_hp.WAV,"matching_annotaudio_Aditya_2018-08-19_23_15_hp.WAV', 'matching_annotaudio_Aditya_2018-08-19_23_15_hp.WAV"
119,matching_annotaudio_Aditya_2018-08-20_0200-0300_43_hp.WAV,"matching_annotaudio_Aditya_2018-08-19_0120-0200_96_hp.WAV', 'matching_annotaudio_Aditya_2018-08-17_45_211_hp.WAV"
120,matching_annotaudio_Aditya_2018-08-20_0200-0300_66_hp.WAV,"matching_annotaudio_Aditya_2018-08-17_23_143_hp.WAV', 'matching_annotaudio_Aditya_2018-08-16_21502300_111_hp.WAV', 'matching_annotaudio_Aditya_2018-08-16_2324_91_hp.WAV"
121,matching_annotaudio_Aditya_2018-08-20_0300-0400_18_hp.WAV,"matching_annotaudio_Aditya_2018-08-19_0120-0200_79_hp.WAV', 'matching_annotaudio_Aditya_2018-08-16_2324_231_hp.WAV"
